{
  "scores": {
    "faithfulness": 0.5462699337699337,
    "answer_relevancy": 0.9173347490034883,
    "context_precision": 0.9999999999458332
  },
  "sample_count": 12
}